singular,plural
utetornity,utetornities
fithory,fithories
favioty,favioties
utmesition,utmesitions
robiu,robius
cunwre,cunwres
irpharity,irpharities
somant,somants
congarn,congarns
monio,monios
mattext,mattexts
pran,prans
vowse,vowses
memion,memions
proment,proments
trale,trales
urner,urners
vapux,vapuxes
efforn,efforns
presisate,presisates
flomity,flomities
purpint,purpints
collift,collifts
revotian,revotians
trult,trults
beftness,beftnesses
sirtor,sirtors
reveak,reveaks
panerdment,panerdments
genter,genters
taquer,taquers
hount,hounts
wiek,wieks
prirk,prirks
rarution,rarutions
awkess,awkesses
erant,erants
swess,swesses
spead,speads
moque,moques
trake,trakes
fadle,fadles
afterceid,afterceids
hoad,hoads
purpire,purpires
rainlay,rainlays
uscicer,uscicers
agriecant,agriecants
fran,frans
gand,gands
johm,johms
lelily,lelilies
bunegot,bunegots
plame,plames
altistion,altistions
cpale,cpales
cosior,cosiors
sevucation,sevucations
pemlic,pemlics
behafteur,behafteurs
shyp,shyps
ald,alds
linc,lincs
racution,racutions
irplarity,irplarities
houd,houds
densussion,densussions
bupbet,bupbets
matteze,mattezes
rasy,rasies
reveam,reveams
machate,machates
fobe,fobes
mosedent,mosedents
sunety,suneties
tratebort,trateborts
pupeup,pupeups
copior,copiors
margioment,margioments
cacy,cacies
corlomity,corlomities
sarny,sarnies
puction,puctions
muction,muctions
behaftear,behaftears
skesteen,skesteens
flooker,flookers
liscocy,liscocies
setucation,setucations
mea,meas
forl,forls
dengussion,dengussions
upe,upes
chelent,chelents
paneshment,paneshments
cedy,cedies
tafy,tafies
stass,stasses
gluss,glusses
uffige,uffiges
codior,codiors
etastion,etastions
peabon,peabons
sonter,sonters
eant,eants
fobbital,fobbitals
pame,pames
mecion,mecions
hean,heans
constark,constarks
netfold,netfolds
fromity,fromities
lutore,lutores
sufress,sufresses
delcerence,delcerences
staze,stazes
stype,stypes
vea,veas
manhet,manhets
falp,falps
skestien,skestiens
foom,fooms
accuise,accuises
stavein,staveins
sabply,sabplies
utetorvity,utetorvities
commessee,commessees
utetormity,utetormities
pubeup,pubeups
utsesition,utsesitions
sivement,sivements
premress,premresses
issif,issifs
accuine,accuines
holet,holets
secucation,secucations
capy,capies
surter,surters
serning,sernings
langonse,langonses
plape,plapes
pangy,pangies
amiene,amienes
aff,affs
constyl,constyls
speet,speets
imporn,imporns
wowst,wowsts
scanter,scanters
lism,lisms
caloor,caloors
idge,idges
houng,houngs
ceandy,ceandies
soo,soos
peyber,peybers
golan,golans
cordinsion,cordinsions
camy,camies
pever,pevers
dystew,dystews
grorde,grordes
sictuse,sictuses
ravution,ravutions
vipsion,vipsions
coakle,coakles
bulbet,bulbets
streed,streeds
rubeup,rubeups
deplie,deplies
simage,simages
bengsilogy,bengsilogies
fasp,fasps
sulpty,sulpties
exadsha,exadshas
aud,auds
doler,dolers
pasy,pasies
boople,booples
fillure,fillures
sedel,sedels
whock,whocks
soule,soules
precerry,precerries
cource,cources
queep,queeps
clalt,clalts
cead,ceads
ammeal,ammeals
myntem,myntems
uffime,uffimes
stasp,stasps
groress,groresses
casy,casies
unker,unkers
fighure,fighures
virefision,virefisions
stomicion,stomicions
steb,stebs
fayure,fayures
prosfess,prosfesses
liscomy,liscomies
kimp,kimps
prodkess,prodkesses
sunayer,sunayers
meriun,meriuns
strekked,strekkeds
dowage,dowages
vorit,vorits
turetion,turetions
stant,stants
sodd,sodds
natone,natones
awress,awresses
pimer,pimers
swood,swoods
esilocy,esilocies
urper,urpers
heafed,heafeds
catoor,catoors
stoky,stokies
unger,ungers
uffile,uffiles
dunchter,dunchters
treaple,treaples
vear,vears
sonio,sonios
exglinge,exglinges
ocotion,ocotions
anc,ancs
stubant,stubants
cottege,cotteges
cateur,cateurs
corroter,corroters
noswork,nosworks
bedbet,bedbets
alsyment,alsyments
helily,helilies
dober,dobers
nedwold,nedwolds
werk,werks
polel,polels
citter,citters
soller,sollers
prinnisla,prinnislas
surfem,surfems
ahl,ahls
pakerence,pakerences
asient,asients
rudic,rudics
camitit,camitits
hurse,hurses
nade,nades
fagioty,fagioties
ansy,ansies
mafed,mafeds
pover,povers
yeam,yeams
purpird,purpirds
speece,speeces
mawed,maweds
lind,linds
sodgwase,sodgwases
rankray,rankrays
arl,arls
aut,auts
fearter,fearters
uflesition,uflesitions
lutily,lutilies
panute,panutes
narven,narvens
intuncly,intunclies
jatchen,jatchens
hutback,hutbacks
revoux,revouxes
yeart,yearts
effoke,effokes
struffure,struffures
windam,windams
skession,skessions
ugut,uguts
desait,desaits
usya,usyas
machure,machures
surwice,surwices
strevved,strevveds
posel,posels
remdition,remditions
deggerence,deggerences
esclussion,esclussions
feecher,feechers
nalore,nalores
brop,brops
sushect,sushects
worde,wordes
accien,acciens
windax,windaxes
glamp,glamps
cheatdent,cheatdents
czale,czales
tavrer,tavrers
sacogial,sacogials
reboon,reboons
reveap,reveaps
cordossion,cordossions
shast,shasts
shok,shoks
kenchen,kenchens
prodfess,prodfesses
bloud,blouds
counge,counges
demere,demeres
galer,galers
purdon,purdons
lield,lields
chuyed,chuyeds
mochdent,mochdents
incriere,incrieres
oxwore,oxwores
usamation,usamations
yead,yeads
stard,stards
clanter,clanters
pumber,pumbers
imbittance,imbittances
prolence,prolences
trume,trumes
finkure,finkures
bunedot,bunedots
issyx,issyxes
adhace,adhaces
vimue,vimues
tiss,tisses
tourt,tourts
crether,crethers
esant,esants
congurn,congurns
pimmer,pimmers
distruce,distruces
awome,awomes
setutation,setutations
corraty,corraties
esimutile,esimutiles
eflamment,eflamments
rebole,reboles
lixed,lixeds
constace,constaces
hencory,hencories
ocation,ocations
pacerence,pacerences
bouncyl,bouncyls
unt,unts
houle,houles
altinsion,altinsions
chosse,chosses
prinnibra,prinnibras
stabe,stabes
vaveshment,vaveshments
ipard,ipards
prossute,prossutes
runey,runeys
onuin,onuins
totet,totets
degnerence,degnerences
repdition,repditions
dener,deners
prosture,prostures
tabier,tabiers
effake,effakes
clade,clades
povoation,povoations
trument,truments
pleamer,pleamers
progresce,progresces
nawn,nawns
tirt,tirts
aif,aifs
presibate,presibates
nobed,nobeds
thiend,thiends
tabear,tabears
awoll,awolls
cordaty,cordaties
fotter,fotters
sephime,sephimes
uffide,uffides
cunske,cunskes
susjern,susjerns
febbtion,febbtions
ginler,ginlers
menanity,menanities
teaker,teakers
constarn,constarns
prupent,prupents
gliss,glisses
revotoon,revotoons
heague,heagues
satvey,satveys
cordassion,cordassions
whote,whotes
anby,anbies
pepicion,pepicions
dyny,dynies
ux,uxes
bouscil,bouscils
delind,delinds
indombly,indomblies
comder,comders
arwher,arwhers
uppicer,uppicers
constain,constains
estrolment,estrolments
trarkbort,trarkborts
boaple,boaples
stocicion,stocicions
nedworn,nedworns
paff,paffs
usua,usuas
suffess,suffesses
congibance,congibances
irglarity,irglarities
brub,brubs
attise,attises
corcaty,corcaties
steusy,steusies
leanse,leanses
scrool,scrools
yay,yays
treesle,treesles
imersy,imersies
afress,afresses
cundumy,cundumies
blead,bleads
roob,roobs
threet,threets
potel,potels
imbict,imbicts
nime,nimes
pliewed,plieweds
uranation,uranations
camitet,camitets
sacotial,sacotials
denitement,denitements
cuffure,cuffures
deeson,deesons
chindman,chindmen
ucot,ucots
distrume,distrumes
projake,projakes
promence,promences
tild,tilds
preterny,preternies
dommer,dommers
effeld,effelds
revoup,revoups
fatest,fatests
decard,decards
mundod,mundods
calior,caliors
awone,awones
sephile,sephiles
chillman,chillmen
mudeoy,mudeoys
meapon,meapons
floom,flooms
inlitement,inlitements
denictment,denictments
stail,stails
pesber,pesbers
condlyl,condlyls
prend,prends
natote,natotes
esimutine,esimutines
turest,turests
prelt,prelts
dicuntion,dicuntions
moction,moctions
machant,machants
corrater,corraters
skestean,skesteans
cortuner,cortuners
potirt,potirts
decack,decacks
futter,futters
breller,brellers
effell,effells
irsparity,irsparities
ipack,ipacks
tawrer,tawrers
jertion,jertions
fagiuty,fagiuties
raircay,raircays
codier,codiers
hoff,hoffs
alpyment,alpyments
epant,epants
calt,calts
podoation,podoations
deler,delers
stakedent,stakedents
lappital,lappitals
moctor,moctors
tsale,tsales
surfert,surferts
cose,coses
tany,tanies
demmer,demmers
ijurity,ijurities
advole,advoles
retope,retopes
aftercoad,aftercoads
stoif,stoifs
clob,clobs
surfect,surfects
inceld,incelds
woin,woins
sowsing,sowsings
camitic,camitics
freen,freens
dicustion,dicustions
houte,houtes
lippital,lippitals
prozern,prozerns
gonter,gonters
progreted,progreteds
latel,latels
stovy,stovies
popletary,popletaries
mener,meners
attite,attites
spooper,spoopers
orn,orns
pininger,piningers
purpon,purpons
trupe,trupes
surfay,surfays
pacy,pacies
soid,soids
behafnear,behafnears
umil,umils
cortossion,cortossions
imbestance,imbestances
ipand,ipands
prolattion,prolattions
farf,farves
sodeing,sodeings
inqueuse,inqueuses
epanition,epanitions
ferttion,ferttions
virebision,virebisions
aybount,aybounts
refrert,refrerts
egtete,egtetes
corrarity,corrarities
sofurity,sofurities
apient,apients
dorer,dorers
issik,issiks
chaxed,chaxeds
sukress,sukresses
lolily,lolilies
posletary,posletaries
wought,woughts
ratution,ratutions
fiphory,fiphories
intunchy,intunchies
poxoation,poxoations
sevutation,sevutations
onoun,onouns
stiry,stiries
sei,seis
podent,podents
ganmen,ganmen
emprepment,emprepments
inlisement,inlisements
cormuner,cormuners
amb,ambs
nelfork,nelforks
traff,traffs
mever,mevers
rictor,rictors
vaverdment,vaverdments
slace,slaces
staundent,staundents
ardeqity,ardeqities
tanour,tanours
acceine,acceines
courry,courries
popoation,popoations
manjet,manjets
frieve,frieves
romber,rombers
ructor,ructors
lutude,lutudes
hamidoy,hamidoys
inshoose,inshooses
propence,propences
tagy,tagies
ruter,ruters
sunaker,sunakers
cordussion,cordussions
incert,incerts
congorn,congorns
corcoter,corcoters
swace,swaces
wiy,wiys
respaped,respapeds
potige,potiges
proliftion,proliftions
deek,deeks
corsererge,corsererges
chize,chizes
whoss,whosses
hine,hines
utetorsaty,utetorsaties
stip,stips
shanatter,shanatters
nass,nasses
rined,rineds
samper,sampers
dicistion,dicistions
marviement,marviements
dicactar,dicactars
fark,farks
suppict,suppicts
ludel,ludels
respaque,respaques
arfrer,arfrers
ijamity,ijamities
muctor,muctors
feater,featers
brayter,brayters
regont,regonts
puptic,puptics
sictude,sictudes
att,atts
camitut,camituts
ramition,ramitions
denfussion,denfussions
liscosy,liscosies
ijutity,ijutities
regond,regonds
netforn,netforns
wam,wams
corgaty,corgaties
abmitoon,abmitoons
imberent,imberents
micidion,micidions
steumy,steumies
tovel,tovels
shararler,shararlers
esilofy,esilofies
combestee,combestees
simb,simbs
panemer,panemers
appeet,appeets
metanity,metanities
langobed,langobeds
sover,sovers
dicuttion,dicuttions
stomigion,stomigions
chowst,chowsts
tonest,tonests
cleb,clebs
pobed,pobeds
vipue,vipues
anfy,anfies
maber,mabers
hamp,hamps
aze,azes
coansty,coansties
prooble,proobles
appout,appouts
coanle,coanles
nale,nales
poad,poads
kise,kises
resouche,resouches
recunk,recunks
grobess,grobesses
narire,narires
pilory,pilories
domomy,domomies
prodcess,prodcesses
cuftute,cuftutes
puctor,puctors
berpsolomy,berpsolomies
silory,silories
prede,predes
stace,staces
altelsion,altelsions
mosio,mosios
tutter,tutters
lamiday,lamidays
wau,waus
tadrer,tadrers
cunwhe,cunwhes
woile,woiles
afe,afes
utetortity,utetortities
parzet,parzets
uffict,ufficts
groun,grouns
inbloose,inblooses
thock,thocks
deapon,deapons
soharity,soharities
eparition,eparitions
aftercead,afterceads
fideure,fideures
stohm,stohms
sofarity,sofarities
grop,grops
reshern,resherns
egtege,egteges
utresition,utresitions
eague,eagues
rapution,raputions
practark,practarks
utlesition,utlesitions
mudeow,mudeows
coungol,coungols
collick,collicks
grodit,grodits
retdition,retditions
predume,predumes
ragition,ragitions
zozioty,zozioties
sogurity,sogurities
ond,onds
sopent,sopents
stawl,stawls
distrove,distroves
ancy,ancies
plen,plens
munem,munems
boad,boads
kint,kints
syntep,synteps
imbattance,imbattances
strictore,strictores
camponse,camponses
teater,teaters
haggital,haggitals
sulety,suleties
sawply,sawplies
sodent,sodents
foint,foints
langoise,langoises
constave,constaves
swomity,swomities
crither,crithers
umot,umots
arr,arrs
sensime,sensimes
vichsilogy,vichsilogies
zosiuty,zosiuties
ugnicer,ugnicers
attine,attines
sadition,saditions
fard,fards
esspassion,esspassions
fape,fapes
predurt,predurts
desalk,desalks
sonx,sonxes
scood,scoods
streat,streats
zoziuty,zoziuties
eschaint,eschaints
rebome,rebomes
pade,pades
oyfore,oyfores
sowd,sowds
impold,impolds
oin,oins
semicy,semicies
jowe,jowes
unter,unters
whope,whopes
stame,stames
fiple,fiples
rebean,rebeans
clarler,clarlers
ficrury,ficruries
fring,frings
epagition,epagitions
mipidion,mipidions
vavertment,vavertments
usalation,usalations
fidle,fidles
efleyment,efleyments
courn,courns
disiard,disiards
seebon,seebons
compattia,compattias
onoon,onoons
spanter,spanters
soa,soas
poloation,poloations
lutute,lututes
sither,sithers
tivel,tivels
spame,spames
rerdition,rerditions
ucher,uchers
concork,concorks
crub,crubs
ardepity,ardepities
premlem,premlems
morce,morces
soute,soutes
chement,chements
proliption,proliptions
mystep,mysteps
pammer,pammers
mepanity,mepanities
machard,machards
urter,urters
stryrture,stryrtures
cheakment,cheakments
prolastion,prolastions
oost,oosts
hetband,hetbands
rephanse,rephanses
glale,glales
souged,sougeds
kand,kands
mattewn,mattewns
prolistion,prolistions
dearon,dearons
fatle,fatles
couggly,cougglies
esunt,esunts
revolion,revolions
resert,reserts
corlodity,corlodities
marroule,marroules
figle,figles
starsdent,starsdents
arprer,arprers
chaced,chaceds
spood,spoods
chiff,chiffs
allempt,allempts
brare,brares
purbon,purbons
salvey,salveys
pultic,pultics
dagueler,daguelers
imberess,imberesses
knornexed,knornexeds
exaddra,exaddras
tavour,tavours
pomber,pombers
shol,shols
fea,feas
cheanment,cheanments
prock,procks
debove,deboves
ceansy,ceansies
deald,dealds
eflemment,eflemments
cesy,cesies
radition,raditions
rupeup,rupeups
pector,pectors
smipe,smipes
imbintance,imbintances
gronze,gronzes
ganter,ganters
propent,propents
fuvel,fuvels
dencossion,dencossions
mimmer,mimmers
earse,earses
rumage,rumages
rourse,rourses
ain,ains
udot,udots
constil,constils
rourt,rourts
guman,gumen
sween,sweens
pariene,parienes
weef,weefs
teeder,teeders
patoose,patooses
shange,shanges
delkerence,delkerences
stomidion,stomidions
sanute,sanutes
deniftment,deniftments
bload,bloads
afterceed,afterceeds
marveiment,marveiments
hedband,hedbands
pomant,pomants
molldent,molldents
pumage,pumages
corsarity,corsarities
fiphury,fiphuries
micicion,micicions
rumic,rumics
zare,zares
premp,premps
maxed,maxeds
arb,arbs
exaigra,exaigras
coustly,coustlies
swock,swocks
sether,sethers
puney,puneys
spop,spops
effact,effacts
puser,pusers
wintop,wintops
nand,nands
narmen,narmen
meliry,meliries
khale,khales
wintom,wintoms
ard,ards
pininder,pininders
etottion,etottions
stavoun,stavouns
panestment,panestments
pumer,pumers
phornedge,phornedges
alc,alcs
presigate,presigates
usanation,usanations
machand,machands
urua,uruas
berdness,berdnesses
joif,joifs
chideman,chidemen
refrern,refrerns
sarmy,sarmies
sousse,sousses
brodit,brodits
sunter,sunters
precerny,precernies
chift,chifts
starm,starms
pipson,pipsons
imserent,imserents
jostill,jostills
secutation,secutations
ruric,rurics
schepe,schepes
awheecant,awheecants
odation,odations
emprewment,emprewments
schoof,schooves
fleed,fleeds
farp,farps
denichment,denichments
practart,practarts
skant,skants
clib,clibs
tawher,tawhers
hea,heas
faple,faples
subhern,subherns
poroation,poroations
enant,enants
susety,suseties
floer,floers
gister,gisters
bugbet,bugbets
konchen,konchens
wope,wopes
jostime,jostimes
cunducy,cunducies
seepon,seepons
mungod,mungods
aul,auls
snont,snonts
ranchter,ranchters
sodger,sodgers
conglyl,conglyls
lyster,lysters
chilter,chilters
uffive,uffives
trate,trates
staul,stauls
bunedat,bunedats
aldyment,aldyments
practact,practacts
frole,froles
preduce,preduces
uy,uys
caminat,caminats
glomity,glomities
surfome,surfomes
faft,fafts
stonacter,stonacters
styne,stynes
ecreyment,ecreyments
kiff,kiffs
styp,styps
sacovial,sacovials
owmer,owmers
advort,advorts
fearker,fearkers
stareen,stareens
spoud,spouds
oxfare,oxfares
sirtion,sirtions
trantbort,trantborts
amn,amns
femption,femptions
chigter,chigters
ingeme,ingemes
ent,ents
weized,weizeds
schook,schooks
micigion,micigions
diruttar,diruttars
serlon,serlons
effame,effames
mipigion,mipigions
fagle,fagles
lirebision,lirebisions
vowit,vowits
smant,smants
progrempt,progrempts
onian,onians
lutuse,lutuses
sunacer,sunacers
cuncyry,cuncyries
ato,atoes
esilogy,esilogies
medion,medions
thive,thives
sloor,sloors
dyntem,dyntems
hode,hodes
plun,pluns
cumy,cumies
paft,pafts
tapy,tapies
ramution,ramutions
custer,custers
decand,decands
weeg,weegs
coandly,coandlies
coangly,coanglies
plart,plarts
dituctar,dituctars
intunfly,intunflies
plaft,plafts
weined,weineds
prolixtion,prolixtions
epe,epes
fomb,fombs
feek,feeks
effoin,effoins
cowper,cowpers
und,unds
basawed,basaweds
whode,whodes
chingman,chingmen
bunemut,bunemuts
sader,saders
folidip,folidips
suthty,suthties
coamle,coamles
pretercy,pretercies
dran,drans
wrant,wrants
esstassion,esstassions
condlil,condlils
appiet,appiets
predull,predulls
liscofy,liscofies
woler,wolers
sacodial,sacodials
gea,geas
advart,advarts
cottoction,cottoctions
dea,deas
coseer,coseers
sacolial,sacolials
grogess,grogesses
latle,latles
falt,falts
sogarity,sogarities
parister,paristers
snan,snans
resdition,resditions
yeak,yeaks
predurn,predurns
steupy,steupies
jersien,jersiens
secture,sectures
cortussion,cortussions
cudy,cudies
pagerence,pagerences
onein,oneins
prinniña,prinniñas
behocrour,behocrours
loilure,loilures
miccess,miccesses
kvale,kvales
almyment,almyments
diluctar,diluctars
preterry,preterries
meptor,meptors
cortett,cortetts
warter,warters
accein,acceins
issix,issixes
peney,penies
apeant,apeants
wal,wals
vaversment,vaversments
predidate,predidates
bralter,bralters
surkty,surkties
shob,shobs
stocigion,stocigions
dicuctar,dicuctars
respake,respakes
munkod,munkods
strirture,strirtures
ardewity,ardewities
jisil,jisils
purpick,purpicks
sibe,sibes
folidow,folidows
rerorn,rerorns
samicy,samicies
pedlic,pedlics
advome,advomes
distroke,distrokes
panedgment,panedgments
prinnicra,prinnicras
stovess,stovesses
acceen,acceens
corlext,corlexts
parcet,parcets
sonewase,sonewases
commestie,commesties
spaff,spaffs
jollage,jollages
rebove,reboves
costaction,costactions
memanity,memanities
anvy,anvies
bengness,bengnesses
accoun,accouns
dyvy,dyvies
pamy,pamies
eligance,eligances
detrie,detries
paneyer,paneyers
prinninha,prinninhas
hener,heners
eschanse,eschanses
awoin,awoins
stucant,stucants
raner,raners
dealon,dealons
esilory,esilories
zosioty,zosioties
mipicion,mipicions
rebien,rebiens
udage,udages
teme,temes
ceanny,ceannies
predlem,predlems
mattelt,mattelts
tamour,tamours
jostide,jostides
owper,owpers
vithmology,vithmologies
knant,knants
meabon,meabons
menion,menions
reshert,resherts
inlinkment,inlinkments
proslep,prosleps
foocher,foochers
dosory,dosories
ruvy,ruvies
jutchen,jutchens
dypy,dypies
alvension,alvensions
jea,jeas
puric,purics
pripe,pripes
ardejity,ardejities
oxgird,oxgirds
sneen,sneens
costoction,costoctions
subjake,subjakes
suppime,suppimes
groor,groors
popsetary,popsetaries
namefision,namefisions
prirt,prirts
asm,asms
oxwond,oxwonds
arp,arps
smomity,smomities
cady,cadies
helband,helbands
dield,dields
homp,homps
tiguse,tiguses
etostion,etostions
sewsile,sewsiles
ganpen,ganpens
inlissment,inlissments
comper,compers
esilody,esilodies
margeement,margeements
venit,venits
spub,spubs
ord,ords
treemle,treemles
sargy,sargies
starkdent,starkdents
uv,uvs
trashman,trashmen
boungil,boungils
potike,potikes
rerarn,rerarns
frote,frotes
soom,sooms
cortuction,cortuctions
soreing,soreings
esilosy,esilosies
fispory,fispories
practale,practales
jilland,jillands
inlidgment,inlidgments
ircharity,ircharities
cheetment,cheetments
apprieux,apprieuxes
accean,acceans
practake,practakes
greap,greaps
petlic,petlics
trathbort,trathborts
shanaster,shanasters
intungly,intunglies
lirefision,lirefisions
precercy,precercies
sning,snings
meranity,meranities
piffure,piffures
prolent,prolents
sirl,sirls
tounter,tounters
corterg,cortergs
cottaction,cottactions
attide,attides
folidox,folidoxes
roder,roders
chimter,chimters
ub,ubs
imerry,imerries
regote,regotes
topest,topests
distruke,distrukes
urmer,urmers
lèche,lèches
abmicion,abmicions
cortoction,cortoctions
purfuse,purfuses
faviyty,faviyties
sustort,sustorts
utage,utages
prift,prifts
berpsilogy,berpsilogies
serhon,serhons
heam,heams
dest,dests
pake,pakes
agroucant,agroucants
corbaty,corbaties
revosion,revosions
bidy,bidies
impoll,impolls
cery,ceries
porce,porces
friece,frieces
shance,shances
prolostion,prolostions
denignment,denignments
maver,mavers
epatition,epatitions
goter,goters
tigude,tigudes
morkdent,morkdents
rarse,rarses
uroa,uroas
vasub,vasubs
pictor,pictors
starean,stareans
tenction,tenctions
rebert,reberts
prepidate,prepidates
sleed,sleeds
deight,deights
comler,comlers
ugil,ugils
chird,chirds
usatation,usatations
awk,awks
etontion,etontions
retoke,retokes
corteld,cortelds
neart,nearts
imerfy,imerfies
awold,awolds
schede,schedes
monure,monures
woink,woinks
stalt,stalts
matteon,matteons
congigance,congigances
rebeen,rebeens
attind,attinds
effall,effalls
ijumity,ijumities
hamigay,hamigays
porst,porsts
knornenge,knornenges
prosenge,prosenges
streorge,streorges
pidlic,pidlics
hearnt,hearnts
telily,telilies
intunquy,intunquies
tolel,tolels
steugy,steugies
jursion,jursions
susjert,susjerts
zosiyty,zosiyties
polyme,polymes
sustly,sustlies
thiss,thisses
claff,claffs
hase,hases
stald,stalds
scheff,scheffs
mita,mitas
soust,sousts
flace,flaces
cheasment,cheasments
revotean,revoteans
solory,solories
linx,linxes
compattie,compatties
roriu,rorius
sted,steds
mectur,mecturs
sordwase,sordwases
agress,agresses
deabon,deabons
sormwase,sormwases
weiled,weileds
bewget,bewgets
esimutint,esimutints
cortert,corterts
bepy,bepies
steudy,steudies
shom,shoms
wak,waks
seler,selers
churge,churges
revoteen,revoteens
distrull,distrulls
coult,coults
lenction,lenctions
wost,wosts
stask,stasks
recuff,recuffs
chirt,chirts
corcarity,corcarities
sothod,sothods
panempment,panempments
floup,floups
rairlay,rairlays
patiard,patiards
heese,heeses
sanition,sanitions
pokel,pokels
palerence,palerences
groap,groaps
falm,falms
vavempment,vavempments
staft,stafts
remearnt,remearnts
sonder,sonders
trydent,trydents
impove,impoves
fromp,fromps
etattion,etattions
ardemity,ardemities
choilt,choilts
demene,demenes
demege,demeges
abient,abients
stup,stups
ponem,ponems
troosle,troosles
phust,phusts
trude,trudes
selpime,selpimes
diccess,diccesses
schoob,schoobs
stoty,stoties
tuvel,tuvels
debberence,debberences
compastee,compastees
trablem,trablems
pehidion,pehidions
dicictar,dicictars
donchter,donchters
lirr,lirrs
cryther,crythers
dind,dinds
stule,stules
hubtand,hubtands
ranute,ranutes
sanchter,sanchters
panecer,panecers
kanchen,kanchens
epadition,epaditions
posmetary,posmetaries
glant,glants
ijunity,ijunities
trarmbort,trarmborts
trampbort,trampborts
prilt,prilts
dycy,dycies
estreyment,estreyments
concuct,concucts
prolottion,prolottions
dechie,dechies
lible,libles
progrelle,progrelles
veart,vearts
saconial,saconials
beverolomy,beverolomies
aftercoed,aftercoeds
inlithment,inlithments
scock,scocks
wav,wavs
prument,pruments
warpen,warpens
sosio,sosios
raincay,raincays
heanse,heanses
tamy,tamies
usser,ussers
appoot,appoots
recube,recubes
sount,sounts
woil,woils
pectian,pectians
denend,denends
esclassion,esclassions
mompt,mompts
narore,narores
skustion,skustions
ingime,ingimes
stalldent,stalldents
reebon,reebons
poom,pooms
sustry,sustries
feaker,feakers
sourse,sourses
prolystion,prolystions
prolittion,prolittions
urya,uryas
grudit,grudits
ingame,ingames
vunit,vunits
sosewase,sosewases
esspission,esspissions
styme,stymes
ork,orks
cea,ceas
quont,quonts
stavean,staveans
crivit,crivits
hort,horts
mevicy,mevicies
prossire,prossires
relieu,relieus
dencession,dencessions
surfole,surfoles
vay,vays
sloup,sloups
debrie,debries
jeart,jearts
jillack,jillacks
reldition,relditions
machent,machents
grosess,grosesses
suppill,suppills
cigter,cigters
cowder,cowders
abmitian,abmitians
prossude,prossudes
obation,obations
reboun,rebouns
bunemot,bunemots
fible,fibles
arpher,arphers
polmetary,polmetaries
xmant,xmants
sourt,sourts
soshwase,soshwases
pepigion,pepigions
alryment,alryments
resport,resports
ranklay,ranklays
smiss,smisses
geman,gemen
altession,altessions
coubbly,coubblies
desamb,desambs
rury,ruries
folel,folels
cruther,cruthers
uggicer,uggicers
gosan,gosans
surfoy,surfoys
reboke,rebokes
abmitean,abmiteans
wintox,wintoxes
proskess,proskesses
speeper,speepers
kile,kiles
ceasty,ceasties
brudit,brudits
panvy,panvies
clale,clales
jostict,josticts
awoil,awoils
steuvy,steuvies
pateese,pateeses
epamition,epamitions
menem,menems
prinniqua,prinniquas
nield,nields
mader,maders
attirst,attirsts
chathe,chathes
mepion,mepions
chaved,chaveds
thint,thints
prowert,prowerts
rabition,rabitions
yier,yiers
mimicy,mimicies
shoy,shoys
sead,seads
faviuty,faviuties
charse,charses
spreet,spreets
paperence,paperences
squeet,squeets
soit,soits
leller,lellers
agreecate,agreecates
suppild,suppilds
mipa,mipas
polcetary,polcetaries
thont,thonts
dystep,dysteps
rource,rources
chedent,chedents
desape,desapes
effome,effomes
uccicer,uccicers
sharester,sharesters
coussy,coussies
brabter,brabters
pretlem,pretlems
chootment,chootments
incriend,incriends
roor,roors
deace,deaces
acciard,acciards
sirning,sirnings
estrogment,estrogments
effave,effaves
priff,priffs
styke,stykes
habbital,habbitals
camitot,camitots
remeague,remeagues
skestian,skestians
prosemed,prosemeds
denimpment,denimpments
egreyment,egreyments
povel,povels
instosed,instoseds
bety,beties
troomle,troomles
disiant,disiants
prowern,prowerns
stamb,stambs
speeler,speelers
johl,johls
bouncit,bouncits
fowse,fowses
shanecter,shanecters
projome,projomes
polyll,polylls
scarler,scarlers
coungyl,coungyls
freamer,freamers
accuin,accuins
detrerence,detrerences
corruner,corruners
cagy,cagies
terest,terests
ligle,ligles
progystion,progystions
rebuin,rebuins
dodory,dodories
cuncudy,cuncudies
ardesity,ardesities
paxerence,paxerences
imerdy,imerdies
chickman,chickmen
plard,plards
greep,greeps
eafed,eafeds
stocidion,stocidions
aftercoud,aftercouds
arf,arves
floar,floars
shon,shons
corbarity,corbarities
affess,affesses
marveament,marveaments
tacour,tacours
estropment,estropments
lynter,lynters
utdesition,utdesitions
bempness,bempnesses
desamp,desamps
retork,retorks
sudsty,sudsties
muntod,muntods
suswect,suswects
bephness,bephnesses
pield,pields
dat,dats
vonit,vonits
timp,timps
ardrer,ardrers
ficrory,ficrories
concoll,concolls
memicy,memicies
sevement,sevements
voink,voinks
jand,jands
gopan,gopans
zoziyty,zoziyties
marvoument,marvouments
beky,bekies
uspicer,uspicers
yand,yands
purpind,purpinds
altetsion,altetsions
yeaf,yeaves
chorne,chornes
odge,odges
sarter,sarters
manret,manrets
cowler,cowlers
shup,shups
langoyle,langoyles
cunkle,cunkles
nart,narts
cauve,cauves
irprarity,irprarities
levved,levveds
caloar,caloars
campogne,campognes
onean,oneans
vapsion,vapsions
jostile,jostiles
regore,regores
exaucra,exaucras
fagiyty,fagiyties
deart,dearts
mevanity,mevanities
bewy,bewies
narare,narares
ductar,ductars
asteal,asteals
foze,fozes
urser,ursers
saxcess,saxcesses
jillard,jillards
troor,troors
usacation,usacations
lartory,lartories
cutfure,cutfures
fingure,fingures
abmision,abmisions
strictute,strictutes
soiding,soidings
hubland,hublands
drood,droods
esimutism,esimutisms
imbistance,imbistances
arcler,arclers
coatle,coatles
ence,ences
lekked,lekkeds
imercy,imercies
laner,laners
piction,pictions
tolily,tolilies
acreecant,acreecants
uss,usses
preslem,preslems
agfess,agfesses
esint,esints
uce,uces
jostike,jostikes
vorne,vornes
behocdour,behocdours
surfort,surforts
dencassion,dencassions
sadvey,sadveys
prossare,prossares
constald,constalds
prozert,prozerts
eschaped,eschapeds
esclission,esclissions
woner,woners
docture,doctures
woze,wozes
hobbinal,hobbinals
gnale,gnales
lipe,lipes
vavetement,vavetements
stavien,staviens
namebision,namebisions
starldent,starldents
inplased,inplaseds
desank,desanks
caist,caists
elibance,elibances
pumic,pumics
exaybra,exaybras
imparlence,imparlences
vumue,vumues
smass,smasses
dicittion,dicittions
inspoose,inspooses
wesan,wesans
catear,catears
debont,debonts
beird,beirds
stosy,stosies
utetorlity,utetorlities
impole,impoles
grorte,grortes
apwice,apwices
clace,claces
bunegut,buneguts
egtese,egtese
pehigion,pehigions
ijucity,ijucities
dicintion,dicintions
behaflear,behaflears
rubic,rubics
fotet,fotets
sewsime,sewsimes
lourer,lourers
isshuette,isshuettes
convigance,convigances
oxwose,oxwoses
dableler,dablelers
mustod,mustods
resoofed,resoofeds
recupt,recupts
mamed,mameds
exaysta,exaystas
vasui,vasuis
theen,theens
hass,hasses
zay,zays
souge,souges
pimage,pimages
cundufy,cundufies
anx,anxes
eflayment,eflayments
panenement,panenements
mectar,mectars
smirt,smirts
sarsy,sarsies
cuftude,cuftudes
dethie,dethies
foucher,fouchers
abeant,abeants
tacy,tacies
pepidion,pepidions
souche,souches
meler,melers
onation,onations
thang,thangs
copeer,copeers
saxply,saxplies
imerpy,imerpies
lodel,lodels
conglil,conglils
prelidate,prelidates
facure,facures
ganer,ganers
tafler,taflers
osation,osations
pogue,pogues
uwoa,uwoas
cornaty,cornaties
egteme,egtemes
jergion,jergions
issib,issibs
regock,regocks
imseress,imseresses
pinidler,pinidlers
blomity,blomities
stoll,stolls
abmiteen,abmiteens
algucant,algucants
mubber,mubbers
zeart,zearts
pehicion,pehicions
jetchen,jetchens
bersness,bersnesses
disuine,disuines
sohurity,sohurities
cunste,cunstes
manzet,manzets
cale,cales
winnaw,winnaws
wook,wooks
marinter,marinters
orm,orms
bemy,bemies
cundusy,cundusies
emattion,emattions
cistre,cistres
betget,betgets
storess,storesses
stoly,stolies
whoke,whokes
lagle,lagles
togure,togures
reepon,reepons
brecher,brechers
grock,grocks
sparler,sparlers
cririt,cririts
bleen,bleens
polyle,polyles
popent,popents
spape,spapes
maritter,maritters
prolintion,prolintions
